model,fold,f1,roc_auc,precision,recall,balanced_accuracy
Dummy,1,0.8964346349745331,0.5,0.8123076923076923,1.0,0.5
Dummy,2,0.8964346349745331,0.5,0.8123076923076923,1.0,0.5
Dummy,3,0.8983050847457628,0.5,0.8153846153846154,1.0,0.5
Dummy,4,0.8979591836734694,0.5,0.8148148148148148,1.0,0.5
Dummy,5,0.8979591836734694,0.5,0.8148148148148148,1.0,0.5
Decision Tree,1,0.8768115942028986,0.6974354197714853,0.8402777777777778,0.9166666666666666,0.5812841530054644
Decision Tree,2,0.8812949640287769,0.690915300546448,0.839041095890411,0.928030303030303,0.5787692498758072
Decision Tree,3,0.8876811594202898,0.7121698113207546,0.8536585365853658,0.9245283018867925,0.6122641509433963
Decision Tree,4,0.8711433756805808,0.6205176767676768,0.8362369337979094,0.9090909090909091,0.5628787878787879
Decision Tree,5,0.8725314183123878,0.6404671717171717,0.8293515358361775,0.9204545454545454,0.5435606060606061
KNN,1,0.9029982363315696,0.741399652260308,0.8448844884488449,0.9696969696969697,0.5996025832091406
KNN,2,0.9018932874354562,0.6961003477396919,0.8264984227129337,0.9924242424242424,0.5453924490809736
KNN,3,0.8936170212765957,0.7247169811320755,0.842809364548495,0.9509433962264151,0.5838050314465408
KNN,4,0.8993055555555556,0.6880050505050505,0.8301282051282052,0.9810606060606061,0.5488636363636363
KNN,5,0.8822495606326889,0.6532828282828282,0.8229508196721311,0.9507575757575758,0.5253787878787879
SVM,1,0.896551724137931,0.7276453055141581,0.8227848101265823,0.9848484848484849,0.5334078489816195
SVM,2,0.9025641025641026,0.7396920019870838,0.822429906542056,1.0,0.5327868852459017
SVM,3,0.8969072164948454,0.7016981132075472,0.8233438485804416,0.9849056603773585,0.5257861635220126
SVM,4,0.9010238907849829,0.6698863636363637,0.8198757763975155,1.0,0.5166666666666667
SVM,5,0.8972602739726028,0.6676767676767676,0.81875,0.9924242424242424,0.5128787878787879
